{
    "StageNumber": 1,
    "StationNumber": 2,
    "puzzle4Index": 17,
    "bgmVol": 0.5485714673995972,
    "effectVol": 0.35285714268684389,
    "isTutorial": 0,
    "numberOfRenew": 20,
    "clearTime": 23.74684715270996,
    "knn": 4
}